{"Música": [1, 0.4765430044917651], "Terapia y rehabilitación": [2, 0.4342678206644447], "Gastronomía y servicios de alimentos": [3, 0.3444691954008724], "Producción y explotación agrícola y ganadera": [4, 0.32983790716702416], "Vehículos, barcos y aeronaves motorizadas": [5, 0.3252230096479867], "Veterinaria": [6, 0.3189338408487064], "Tecnología para la protección del medio ambiente": [7, 0.3135506274169363], "Nutrición": [8, 0.31345054909324427], "Industria de la alimentación": [9, 0.31308272352438615], "Diseño industrial, de moda e interiores": [10, 0.31171055226312677], "Ciencias computacionales": [11, 0.2998532833686886], "Adquisición de idiomas extranjeros": [12, 0.29897406247058667], "Sociología y antropología": [13, 0.2869926060057341], "Derecho": [14, 0.28221873222005195], "Arquitectura y urbanismo": [15, 0.27942000175723763], "Criminología y criminalística": [16, 0.2780301746058654], "Estomatología y odontología general": [17, 0.27527420931876045], "Psicología": [18, 0.2706749251465767], "Diseño y comunicación gráfica y editorial": [19, 0.26718428343854556], "Construcción e ingeniería civil": [20, 0.26676067854455393], "Hospitalidad y turismo": [21, 0.2636383844732828], "Industria de la minería, extracción y metalurgia": [22, 0.2611525903125845], "Comunicación y periodismo": [23, 0.2602842303157761], "Administración en el ámbito de la ingeniería y la construcción": [24, 0.2566706891928131], "Orientación e intervención educativa": [25, 0.255506801228609], "Administración turística y de restaurantes": [26, 0.25525062068039994], "Historia y arqueología": [27, 0.247835101841688], "Electricidad y generación de energía": [28, 0.2468191189282911], "Mercadotecnia y publicidad": [29, 0.2463609653792173], "Ciencias políticas": [30, 0.23425342445489777], "Negocios y comercio": [31, 0.22625609577746061], "Deportes": [32, 0.21761176595518741], "Biología": [33, 0.21685318759920436], "Diseño curricular y pedagogía": [34, 0.21566267523215227], "Mecánica y profesiones afines al trabajo metálico": [35, 0.21218131501453713], "Planes multidisciplinarios o generales del campo de administración y gestión": [36, 0.2100910092105047], "Enfermería general y obstetricia": [37, 0.20394772310287557], "Desarrollo de software": [55, 0.13272761842677097], "Trabajo y atención social": [39, 0.20175342332126178], "Economía": [40, 0.20145367176279513], "Administración de empresas": [41, 0.20104187572919172], "Formación docente en la enseñanza de asignaturas específicas": [42, 0.1990886265498835], "Administración pública": [43, 0.19735720375106564], "Ingeniería de procesos químicos": [44, 0.1971662119532782], "Informática": [45, 0.19049199572359918], "Electrónica, automatización y aplicaciones de la mecánica-eléctrica": [46, 0.18728710462287104], "Contabilidad y fiscalización": [47, 0.1816994609685827], "Ingeniería industrial": [48, 0.1811383014979663], "Bioquímica y biofísica": [49, 0.17923720789304246], "Medicina general": [50, 0.17013712856532734], "Finanzas, banca y seguros": [51, 0.14926137747432247], "NaN": [52, 0.14817283359195194], "Formación docente en educación básica, nivel preescolar": [53, 0.1401957294720735], "Planes multidisciplinarios o generales del campo de innovación en tecnologías de la información y la comunicación": [54, 0.13542296579990593], "Ciencias de la educación": [56, 0.1292331382117503], "Planes multidisciplinarios o generales del campo de formación docente": [57, 0.10033246758091366], "Formación docente en educación básica, nivel primaria": [58, 0.09329410482019271], "Formación docente en educación básica, nivel secundaria": [59, 0.08713088207277576], "Medicina de especialidad": [60, 0.058359406883417224], "Planeación, evaluación e investigación educativa": [61, NaN], "Formación docente en otros servicios educativos": [62, NaN], "Literatura": [63, NaN], "Planes multidisciplinarios o generales del campo de ciencias sociales y estudios del comportamiento": [64, NaN], "Ecología y ciencias ambientales": [65, NaN], "Química": [66, NaN], "Servicios de apoyo y asistencia administrativa": [67, NaN]}