{"Medicina de especialidad": [1, 0.058359406883417224], "Formación docente en educación básica, nivel secundaria": [2, 0.08713088207277576], "Formación docente en educación básica, nivel primaria": [3, 0.09329410482019271], "Planes multidisciplinarios o generales del campo de formación docente": [4, 0.10033246758091366], "Ciencias de la educación": [5, 0.1292331382117503], "Desarrollo de software": [23, 0.20315470974355582], "Planes multidisciplinarios o generales del campo de innovación en tecnologías de la información y la comunicación": [7, 0.13542296579990593], "Formación docente en educación básica, nivel preescolar": [8, 0.1401957294720735], "NaN": [9, 0.14817283359195194], "Finanzas, banca y seguros": [10, 0.14926137747432247], "Medicina general": [11, 0.17013712856532734], "Bioquímica y biofísica": [12, 0.17923720789304246], "Ingeniería industrial": [13, 0.1811383014979663], "Contabilidad y fiscalización": [14, 0.1816994609685827], "Electrónica, automatización y aplicaciones de la mecánica-eléctrica": [15, 0.18728710462287104], "Informática": [16, 0.19049199572359918], "Ingeniería de procesos químicos": [17, 0.1971662119532782], "Administración pública": [18, 0.19735720375106564], "Formación docente en la enseñanza de asignaturas específicas": [19, 0.1990886265498835], "Administración de empresas": [20, 0.20104187572919172], "Economía": [21, 0.20145367176279513], "Trabajo y atención social": [22, 0.20175342332126178], "Enfermería general y obstetricia": [24, 0.20394772310287557], "Planes multidisciplinarios o generales del campo de administración y gestión": [25, 0.2100910092105047], "Mecánica y profesiones afines al trabajo metálico": [26, 0.21218131501453713], "Diseño curricular y pedagogía": [27, 0.21566267523215227], "Biología": [28, 0.21685318759920436], "Deportes": [29, 0.21761176595518741], "Negocios y comercio": [30, 0.22625609577746061], "Ciencias políticas": [31, 0.23425342445489777], "Mercadotecnia y publicidad": [32, 0.2463609653792173], "Electricidad y generación de energía": [33, 0.2468191189282911], "Historia y arqueología": [34, 0.247835101841688], "Administración turística y de restaurantes": [35, 0.25525062068039994], "Orientación e intervención educativa": [36, 0.255506801228609], "Administración en el ámbito de la ingeniería y la construcción": [37, 0.2566706891928131], "Comunicación y periodismo": [38, 0.2602842303157761], "Industria de la minería, extracción y metalurgia": [39, 0.2611525903125845], "Hospitalidad y turismo": [40, 0.2636383844732828], "Construcción e ingeniería civil": [41, 0.26676067854455393], "Diseño y comunicación gráfica y editorial": [42, 0.26718428343854556], "Psicología": [43, 0.2706749251465767], "Estomatología y odontología general": [44, 0.27527420931876045], "Criminología y criminalística": [45, 0.2780301746058654], "Arquitectura y urbanismo": [46, 0.27942000175723763], "Derecho": [47, 0.28221873222005195], "Sociología y antropología": [48, 0.2869926060057341], "Adquisición de idiomas extranjeros": [49, 0.29897406247058667], "Ciencias computacionales": [50, 0.2998532833686886], "Diseño industrial, de moda e interiores": [51, 0.31171055226312677], "Industria de la alimentación": [52, 0.31308272352438615], "Nutrición": [53, 0.31345054909324427], "Tecnología para la protección del medio ambiente": [54, 0.3135506274169363], "Veterinaria": [55, 0.3189338408487064], "Vehículos, barcos y aeronaves motorizadas": [56, 0.3252230096479867], "Producción y explotación agrícola y ganadera": [57, 0.32983790716702416], "Gastronomía y servicios de alimentos": [58, 0.3444691954008724], "Terapia y rehabilitación": [59, 0.4342678206644447], "Música": [60, 0.4765430044917651], "Planeación, evaluación e investigación educativa": [61, NaN], "Formación docente en otros servicios educativos": [62, NaN], "Literatura": [63, NaN], "Planes multidisciplinarios o generales del campo de ciencias sociales y estudios del comportamiento": [64, NaN], "Ecología y ciencias ambientales": [65, NaN], "Química": [66, NaN], "Servicios de apoyo y asistencia administrativa": [67, NaN]}