{"Medicina de especialidad": [1, 0.058359406883417224], "Formación docente en educación básica nivel secundaria": [2, 0.08713088207277576], "Formación docente en educación básica nivel primaria": [3, 0.09329410482019271], "Planes multidisciplinarios o generales del campo de formación docente": [4, 0.10033246758091366], "Formación docente en otros servicios educativos": [5, 0.12435402351070475], "Ciencias de la educación": [6, 0.1292331382117503], "Desarrollo de software (Implementación)": [7, 0.13272761842677097], "Planes multidisciplinarios o generales del campo de ciencias sociales y estudios del comportamiento": [8, 0.13372573973910276], "Planes multidisciplinarios o generales del campo de innovación en tecnologías de la información y la comunicación": [9, 0.13542296579990593], "Formación docente en educación básica nivel preescolar": [10, 0.1401957294720735], "Ecología y ciencias ambientales": [11, 0.14383561643835616], "NaN": [12, 0.14817283359195194], "Finanzas banca y seguros": [13, 0.14926137747432247], "Medicina general": [14, 0.17013712856532734], "Química": [15, 0.17648760400891628], "Bioquímica y biofísica": [16, 0.17923720789304246], "Ingeniería industrial": [17, 0.1811383014979663], "Contabilidad y fiscalización": [18, 0.1816994609685827], "Electrónica automatización y aplicaciones de la mecánica-eléctrica": [19, 0.18728710462287104], "Informática": [20, 0.19049199572359918], "Ingeniería de procesos químicos": [21, 0.1971662119532782], "Administración pública": [22, 0.19735720375106564], "Formación docente en la enseñanza de asignaturas específicas": [23, 0.1990886265498835], "Administración de empresas": [24, 0.20104187572919172], "Economía": [25, 0.20145367176279513], "Trabajo y atención social": [26, 0.20175342332126178], "Desarrollo de software (Innovación)": [27, 0.20315470974355582], "Enfermería general y obstetricia": [28, 0.20394772310287557], "Planes multidisciplinarios o generales del campo de administración y gestión": [29, 0.2100910092105047], "Mecánica y profesiones afines al trabajo metálico": [30, 0.21218131501453713], "Diseño curricular y pedagogía": [31, 0.21566267523215227], "Biología": [32, 0.21685318759920436], "Deportes": [33, 0.21761176595518741], "Negocios y comercio": [34, 0.22625609577746061], "Ciencias políticas": [35, 0.23425342445489777], "Mercadotecnia y publicidad": [36, 0.2463609653792173], "Electricidad y generación de energía": [37, 0.2468191189282911], "Historia y arqueología": [38, 0.247835101841688], "Administración turística y de restaurantes": [39, 0.25525062068039994], "Orientación e intervención educativa": [40, 0.255506801228609], "Administración en el ámbito de la ingeniería y la construcción": [41, 0.2566706891928131], "Comunicación y periodismo": [42, 0.2602842303157761], "Industria de la minería extracción y metalurgia": [43, 0.2611525903125845], "Hospitalidad y turismo": [44, 0.2636383844732828], "Construcción e ingeniería civil": [45, 0.26676067854455393], "Diseño y comunicación gráfica y editorial": [46, 0.26718428343854556], "Psicología": [47, 0.2706749251465767], "Estomatología y odontología general": [48, 0.27527420931876045], "Criminología y criminalística": [49, 0.2780301746058654], "Arquitectura y urbanismo": [50, 0.27942000175723763], "Derecho": [51, 0.28221873222005195], "Sociología y antropología": [52, 0.2869926060057341], "Adquisición de idiomas extranjeros": [53, 0.29897406247058667], "Ciencias computacionales": [54, 0.2998532833686886], "Literatura": [55, 0.3019170277167784], "Diseño industrial de moda e interiores": [56, 0.31171055226312677], "Industria de la alimentación": [57, 0.31308272352438615], "Nutrición": [58, 0.31345054909324427], "Tecnología para la protección del medio ambiente": [59, 0.3135506274169363], "Veterinaria": [60, 0.3189338408487064], "Vehículos barcos y aeronaves motorizadas": [61, 0.3252230096479867], "Producción y explotación agrícola y ganadera": [62, 0.32983790716702416], "Gastronomía y servicios de alimentos": [63, 0.3444691954008724], "Terapia y rehabilitación": [64, 0.4342678206644447], "Música": [65, 0.4765430044917651], "Planeación evaluación e investigación educativa": [66, NaN], "Servicios de apoyo y asistencia administrativa": [67, NaN]}