{
    "Formación docente en educación básica nivel preescolar": [
        1,
        0.976144782565619
    ],
    "Formación docente en otros servicios educativos": [
        2,
        0.89261173263672
    ],
    "Trabajo y atención social": [
        3,
        0.888210118154882
    ],
    "Enfermería general y obstetricia": [
        4,
        0.844844047546586
    ],
    "Nutrición": [
        5,
        0.838637305825835
    ],
    "Diseño curricular y pedagogía": [
        6,
        0.777195161216135
    ],
    "Psicología": [
        7,
        0.764512753292082
    ],
    "Orientación e intervención educativa": [
        8,
        0.750438788942519
    ],
    "Administración turística y de restaurantes": [
        9,
        0.736445682077434
    ],
    "Planes multidisciplinarios o generales del campo de formación docente": [
        10,
        0.713154618408352
    ],
    "Hospitalidad y turismo": [
        11,
        0.697222882284856
    ],
    "Formación docente en educación básica nivel primaria": [
        12,
        0.697207083914411
    ],
    "Ciencias de la educación": [
        13,
        0.692725021984202
    ],
    "Diseño industrial de moda e interiores": [
        14,
        0.692005106435978
    ],
    "Literatura": [
        15,
        0.67630126416998
    ],
    "Adquisición de idiomas extranjeros": [
        16,
        0.672842909198478
    ],
    "Estomatología y odontología general": [
        17,
        0.660909803769713
    ],
    "Sociología y antropología": [
        18,
        0.654700467783311
    ],
    "Historia y arqueología": [
        19,
        0.64367605805586
    ],
    "Bioquímica y biofísica": [
        20,
        0.642570919971215
    ],
    "Formación docente en educación básica nivel secundaria": [
        21,
        0.64247475709659
    ],
    "Administración en el ámbito de la ingeniería y la construcción": [
        22,
        0.617077858228301
    ],
    "Administración pública": [
        23,
        0.615111948669628
    ],
    "Industria de la alimentación": [
        24,
        0.607258274209725
    ],
    "Ciencias políticas": [
        25,
        0.600847608058933
    ],
    "Química": [
        26,
        0.59966989399173
    ],
    "Terapia y rehabilitación": [
        27,
        0.592086872379314
    ],
    "Planeación evaluación e investigación educativa": [
        28,
        0.586660307943862
    ],
    "Mercadotecnia y publicidad": [
        29,
        0.57933622985463
    ],
    "Biología": [
        30,
        0.579122380502702
    ],
    "Contabilidad y fiscalización": [
        31,
        0.577572124172247
    ],
    "Comunicación y periodismo": [
        32,
        0.573539017939649
    ],
    "Ecología y ciencias ambientales": [
        33,
        0.567417967505575
    ],
    "Ciencias computacionales": [
        34,
        0.56702707248923
    ],
    "Criminología y criminalística": [
        35,
        0.560476351924055
    ],
    "Negocios y comercio": [
        36,
        0.547838299889557
    ],
    "Administración de empresas": [
        37,
        0.544514603683617
    ],
    "Diseño y comunicación gráfica y editorial": [
        38,
        0.529050898982568
    ],
    "Planes multidisciplinarios o generales del campo de administración y gestión": [
        39,
        0.523338575083968
    ],
    "Gastronomía y servicios de alimentos": [
        40,
        0.521937689639553
    ],
    "Planes multidisciplinarios o generales del campo de ciencias sociales y estudios del comportamiento": [
        41,
        0.499618199172765
    ],
    "Derecho": [
        42,
        0.496367758245497
    ],
    "Medicina general": [
        43,
        0.484242351618166
    ],
    "Tecnología para la protección del medio ambiente": [
        44,
        0.452345250309105
    ],
    "Informática": [
        45,
        0.431493735631782
    ],
    "Ingeniería de procesos químicos": [
        46,
        0.417176443004519
    ],
    "Finanzas banca y seguros": [
        47,
        0.403609550443845
    ],
    "Economía": [
        48,
        0.400652340237044
    ],
    "Arquitectura y urbanismo": [
        49,
        0.336747133506128
    ],
    "Veterinaria": [
        50,
        0.332359758050839
    ],
    "Formación docente en la enseñanza de asignaturas específicas": [
        51,
        0.32993397060627
    ],
    "Planes multidisciplinarios o generales del campo de innovación en tecnologías de la información y la comunicación": [
        52,
        0.294564267956729
    ],
    "Deportes": [
        53,
        0.284326218540937
    ],
    "Ingeniería industrial": [
        54,
        0.277808567360706
    ],
    "Desarrollo de software (Innovación)": [
        55,
        0.274468198460857
    ],
    "Industria de la minería extracción y metalurgia": [
        56,
        0.268452467608094
    ],
    "Música": [
        57,
        0.236691066378306
    ],
    "Producción y explotación agrícola y ganadera": [
        58,
        0.171955507397006
    ],
    "Construcción e ingeniería civil": [
        59,
        0.149230030869867
    ],
    "Desarrollo de software (Implementación)": [
        60,
        0.127077900912647
    ],
    "Electricidad y generación de energía": [
        61,
        0.106342784683465
    ],
    "Electrónica automatización y aplicaciones de la mecánica-eléctrica": [
        62,
        0.0913789069810968
    ],
    "Mecánica y profesiones afines al trabajo metálico": [
        63,
        0.0665580854866786
    ],
    "Vehículos barcos y aeronaves motorizadas": [
        64,
        0.0600707227986438
    ]
}