{"Vehículos barcos y aeronaves motorizadas": [1, 0.8942424769525135], "Electrónica automatización y aplicaciones de la mecánica-eléctrica": [2, 0.8614871901687149], "Electricidad y generación de energía": [3, 0.8058589010227076], "Ciencias computacionales": [4, 0.7945998071359691], "Desarrollo de software": [5, 0.7754280436687427], "Planes multidisciplinarios o generales del campo de innovación en tecnologías de la información y la comunicación": [6, 0.7741662434399864], "Mecánica y profesiones afines al trabajo metálico": [7, 0.7643983619412739], "Construcción e ingeniería civil": [8, 0.7578189869914199], "Deportes": [9, 0.7184205824548865], " Informática": [10, 0.7004314918299498], "Matemáticas": [11, 0.6838893409275834], "Industria de la minería extracción y metalurgia": [12, 0.6795252225519288], "Ingeniería industrial": [13, 0.6667615152054064], "Administración en el ámbito de la ingeniería y la construcción": [14, 0.6666666666666666], "Producción y explotación agrícola y ganadera": [15, 0.6528409402224535], "Música": [16, 0.6388765046812305], "Economía": [17, 0.5953521801629132], "Historia y arqueología": [18, 0.5803692030616839], "Arquitectura y urbanismo": [19, 0.5713300775639184], "Finanzas banca y seguros": [20, 0.5647386759581882], "Química": [21, 0.564167086059386], "Administración pública": [22, 0.5492711370262391], "Formación docente en la enseñanza de asignaturas específicas": [23, 0.5151602865619799], "Gastronomía y servicios de alimentos": [24, 0.49252414561664193], "Comunicación y periodismo": [25, 0.48489689224513505], "Ingeniería de procesos químicos": [26, 0.4785646236900603], "Planes multidisciplinarios o generales del campo de ciencias sociales y estudios del comportamiento": [27, 0.45722713864306785], "Contabilidad y fiscalización": [28, 0.4525990054734733], "Derecho": [29, 0.44689001095896025], "Biología": [30, 0.44674744897959184], "Tecnología para la protección del medio ambiente": [31, 0.445822102425876], "Ecología y ciencias ambientales": [32, 0.4386825508058865], "Negocios y comercio": [33, 0.43839166767591137], "Administración de empresas": [34, 0.43654799858306764], "Planes multidisciplinarios o generales del campo de administración y gestión": [35, 0.4365458141067897], "Ciencias políticas": [36, 0.42432113341204253], "Veterinaria": [37, 0.4220767412256774], "Diseño y comunicación gráfica y editorial": [38, 0.41857149427401924], "Mercadotecnia y publicidad": [39, 0.40852851207597135], "Terapia y rehabilitación": [40, 0.40780897063568894], "Industria de la alimentación": [41, 0.3970510795155345], "Bioquímica y biofísica": [42, 0.39696258797382394], "Criminología y criminalística": [43, 0.3960181352257047], "Sociología y antropología": [44, 0.38883655204898726], "Medicina de especialidad": [45, 0.3870967741935484], "Formación docente en educación básica nivel secundaria": [46, 0.3791864074497631], "Medicina general": [47, 0.3742875931608943], "Hospitalidad y turismo": [48, 0.3429733393583371], "Administración turística y de restaurantes": [49, 0.3322776458168382], "Literatura": [50, 0.33222591362126247], "Formación docente en educación básica nivel primaria": [51, 0.3172808053190828], "Bellas artes": [52, 0.3091196210027635], "Adquisición de idiomas extranjeros": [53, 0.29521492295214924], "Estomatología y odontología general": [54, 0.291241890639481], "Nutrición": [55, 0.28850281042411857], "Psicología": [56, 0.2686267623300386], "Enfermería general y obstetricia": [57, 0.2373683720063368], "Ciencias de la educación": [58, 0.23140005395198274], "Diseño curricular y pedagogía": [59, 0.19846664735117786], "Orientación e intervención educativa": [60, 0.18653084323712507], "Diseño industrial": [61, 0.17894556070753906], "Trabajo y atención social": [62, 0.1751269035532995], "Planes multidisciplinarios o generales del campo de formación docente": [63, 0.16], "Formación docente en otros servicios educativos": [64, 0.09090909090909091], "Formación docente en educación básica nivel preescolar": [65, 0.035980693286529176]}