{"Medicina general": [1, 0.20795056373804002], "Administración pública": [2, 0.4753680859530442], "Nutrición": [3, 0.47946517436292274], "Formación docente en educación básica nivel primaria": [4, 0.5034175052211886], "Formación docente en educación básica nivel preescolar": [5, 0.5153197614641168], "Estomatología y odontología general": [6, 0.519688409518918], "Veterinaria": [7, 0.5474487794574696], "Enfermería general y obstetricia": [8, 0.577458081885697], "Matemáticas": [9, 0.623002193669696], "Planes multidisciplinarios o generales del campo de ciencias sociales y estudios del comportamiento": [10, 0.6413755458515283], "Bioquímica y biofísica": [11, 0.6617112652791542], "Bellas artes": [12, 0.6912552891396333], "Formación docente en educación básica nivel secundaria": [13, 0.7065464729564152], "Arquitectura y urbanismo": [14, 0.7368924085199344], "Planes multidisciplinarios o generales del campo de innovación en tecnologías de la información y la comunicación": [15, 0.7565984334891068], "Terapia y rehabilitación": [16, 0.7744491397524902], "Economía": [17, 0.7928618877951568], "Psicología": [18, 0.8185539128935355], "Construcción e ingeniería civil": [19, 0.8224610822831727], "Desarrollo de software": [20, 0.8271491187658774], "Ciencias computacionales": [21, 0.8294168842471714], "Hospitalidad y turismo": [22, 0.8296274906150737], "Diseño y comunicación gráfica y editorial": [23, 0.8343291013193925], "Sociología y antropología": [24, 0.8381377397177663], "Formación docente en la enseñanza de asignaturas específicas": [25, 0.8512347619546614], "Biología": [26, 0.8599306507539715], "Electricidad y generación de energía": [27, 0.8680122687246463], "Derecho": [28, 0.873564010265066], "Ingeniería de procesos químicos": [29, 0.8761307974052337], "Electrónica automatización y aplicaciones de la mecánica-eléctrica": [30, 0.8906100592847581], "Mecánica y profesiones afines al trabajo metálico": [31, 0.8952753139545095], "Administración turística y de restaurantes": [32, 0.9051211858182546], "Vehículos barcos y aeronaves motorizadas": [33, 0.9105498553012366], "Finanzas banca y seguros": [34, 0.9123184507799892], "Planes multidisciplinarios o generales del campo de administración y gestión": [35, 0.9258091309672969], "Literatura": [36, 0.9341045238587069], "Química": [37, 0.935092916778885], "Historia y arqueología": [38, 0.9418853776111409], "Contabilidad y fiscalización": [39, 0.9445461977048604], "Gastronomía y servicios de alimentos": [40, 0.9482721079971383], "Industria de la minería extracción y metalurgia": [41, 0.9491385251550655], "Deportes": [42, 0.9521705511984977], "Negocios y comercio": [43, 0.9610975236930602], "Adquisición de idiomas extranjeros": [44, 0.9650422805335193], "Diseño industrial": [45, 0.9667850188981789], "Ingeniería industrial": [46, 0.974338282763073], "Ciencias políticas": [47, 0.9749480424647531], "Industria de la alimentación": [48, 1.0177039806465802], "Producción y explotación agrícola y ganadera": [49, 1.0324587287662492], "Mercadotecnia y publicidad": [50, 1.0335811022106758], "Ciencias de la educación": [51, 1.0410757188250794], "Música": [52, 1.0767099936075006], "Administración de empresas": [53, 1.0858548802081804], "Tecnología para la protección del medio ambiente": [54, 1.095440084835631], "Orientación e intervención educativa": [55, 1.108967582804792], "Criminología y criminalística": [56, 1.1093978068041468], "Trabajo y atención social": [57, 1.124951793289626], "Diseño curricular y pedagogía": [58, 1.1318424412076842], " Informática": [59, 1.1497444797994407], "Comunicación y periodismo": [60, 1.1822287366794755], "Formación docente en otros servicios educativos": [61, 1.2526527100659592], "Administración en el ámbito de la ingeniería y la construcción": [62, 1.2678475577026302], "Ecología y ciencias ambientales": [63, 1.5757318625371235], "Medicina de especialidad": [64, 1.759049773755656], "Planes multidisciplinarios o generales del campo de formación docente": [65, 2.215568862275449]}