{
    "Formación docente en educación básica nivel preescolar": [
        1,
        0.9644467213114755
    ],
    "Formación docente en otros servicios educativos": [
        2,
        0.8934720229555236
    ],
    "Trabajo y atención social": [
        3,
        0.8169238956891964
    ],
    "Orientación e intervención educativa": [
        4,
        0.8109647561409754
    ],
    "Diseño curricular y pedagogía": [
        5,
        0.8040507408591835
    ],
    "Planes multidisciplinarios o generales del campo de formación docente": [
        6,
        0.7953020134228188
    ],
    "Ciencias de la educación": [
        7,
        0.7843381627460144
    ],
    "Enfermería general y obstetricia": [
        8,
        0.7666031546484905
    ],
    "Diseño industrial de moda e interiores": [
        9,
        0.7641196013289037
    ],
    "Psicología": [
        10,
        0.7332156060205968
    ],
    "Planeación evaluación e investigación educativa": [
        11,
        0.7276119402985075
    ],
    "Adquisición de idiomas extranjeros": [
        12,
        0.7204551331781743
    ],
    "Estomatología y odontología general": [
        13,
        0.7169570157167203
    ],
    "Formación docente en educación básica nivel primaria": [
        14,
        0.6955733400025009
    ],
    "Nutrición": [
        15,
        0.69375866851595
    ],
    "Hospitalidad y turismo": [
        16,
        0.6854238258877434
    ],
    "Literatura": [
        17,
        0.6706568446899939
    ],
    "Administración turística y de restaurantes": [
        18,
        0.6686662412252712
    ],
    "Formación docente en educación básica nivel secundaria": [
        19,
        0.6569037656903766
    ],
    "Medicina general": [
        20,
        0.6279128672745694
    ],
    "Industria de la alimentación": [
        21,
        0.6106412966878083
    ],
    "Mercadotecnia y publicidad": [
        22,
        0.6090989194453462
    ],
    "Criminología y criminalística": [
        23,
        0.6033036955880494
    ],
    "Sociología y antropología": [
        24,
        0.6018902720147533
    ],
    "Bioquímica y biofísica": [
        25,
        0.5953959262383994
    ],
    "Diseño y comunicación gráfica y editorial": [
        26,
        0.5917618065684253
    ],
    "Veterinaria": [
        27,
        0.5885524305867553
    ],
    "Terapia y rehabilitación": [
        28,
        0.5883265856950067
    ],
    "Ciencias políticas": [
        29,
        0.5793962518235888
    ],
    "Planes multidisciplinarios o generales del campo de administración y gestión": [
        30,
        0.5770474137931034
    ],
    "Administración de empresas": [
        31,
        0.5717222205791015
    ],
    "Negocios y comercio": [
        32,
        0.5658472453054846
    ],
    "Biología": [
        33,
        0.5628207250455223
    ],
    "Derecho": [
        34,
        0.5608116690659667
    ],
    "Ecología y ciencias ambientales": [
        35,
        0.5595325054784515
    ],
    "Planes multidisciplinarios o generales del campo de ciencias sociales y estudios del comportamiento": [
        36,
        0.5521292217327459
    ],
    "Contabilidad y fiscalización": [
        37,
        0.5482294389344409
    ],
    "Comunicación y periodismo": [
        38,
        0.5350828510267185
    ],
    "Tecnología para la protección del medio ambiente": [
        39,
        0.5232718259432663
    ],
    "Gastronomía y servicios de alimentos": [
        40,
        0.5183099840397234
    ],
    "Ingeniería de procesos químicos": [
        41,
        0.5159592822636301
    ],
    "Formación docente en la enseñanza de asignaturas específicas": [
        42,
        0.49577027551416375
    ],
    "Química": [
        43,
        0.4570957095709571
    ],
    "Historia y arqueología": [
        44,
        0.4481109516977523
    ],
    "Arquitectura y urbanismo": [
        45,
        0.4457070351050331
    ],
    "Finanzas banca y seguros": [
        46,
        0.4434818481848185
    ],
    "Administración pública": [
        47,
        0.4407079646017699
    ],
    "Economía": [
        48,
        0.4017026850032744
    ],
    "Administración en el ámbito de la ingeniería y la construcción": [
        49,
        0.35576459237819585
    ],
    "Ingeniería industrial": [
        50,
        0.3475349858227385
    ],
    "Producción y explotación agrícola y ganadera": [
        51,
        0.34717422240292745
    ],
    "Música": [
        52,
        0.3378914865460962
    ],
    "Industria de la minería extracción y metalurgia": [
        53,
        0.329079754601227
    ],
    "Informática": [
        54,
        0.3153023291100827
    ],
    "Deportes": [
        55,
        0.28174235403151066
    ],
    "Construcción e ingeniería civil": [
        56,
        0.2548917568692756
    ],
    "Planes multidisciplinarios o generales del campo de innovación en tecnologías de la información y la comunicación": [
        57,
        0.24422442244224424
    ],
    "Desarrollo de software (Implementación)": [
        58,
        0.2312994457340471
    ],
    "Desarrollo de software (Innovación)": [
        59,
        0.2312994457340471
    ],
    "Ciencias computacionales": [
        60,
        0.21919917864476385
    ],
    "Electricidad y generación de energía": [
        61,
        0.19234711308507005
    ],
    "Mecánica y profesiones afines al trabajo metálico": [
        62,
        0.16121980544321785
    ],
    "Electrónica automatización y aplicaciones de la mecánica-eléctrica": [
        63,
        0.14885496183206107
    ],
    "Vehículos barcos y aeronaves motorizadas": [
        64,
        0.12002938745523005
    ],
    "Medicina de especialidad": [
        65,
        "NA"
    ],
    "Servicios de apoyo y asistencia administrativa": [
        66,
        "NA"
    ]
}