{
    "Vehículos barcos y aeronaves motorizadas": [
        1,
        0.8799706125447699
    ],
    "Electrónica automatización y aplicaciones de la mecánica-eléctrica": [
        2,
        0.851145038167939
    ],
    "Mecánica y profesiones afines al trabajo metálico": [
        3,
        0.8387801945567822
    ],
    "Electricidad y generación de energía": [
        4,
        0.80765288691493
    ],
    "Ciencias computacionales": [
        5,
        0.7808008213552361
    ],
    "Desarrollo de software (Implementación)": [
        6,
        0.768700554265953
    ],
    "Desarrollo de software (Innovación)": [
        7,
        0.768700554265953
    ],
    "Planes multidisciplinarios o generales del campo de innovación en tecnologías de la información y la comunicación": [
        8,
        0.7557755775577558
    ],
    "Construcción e ingeniería civil": [
        9,
        0.7451082431307244
    ],
    "Deportes": [
        10,
        0.7182576459684893
    ],
    "Informática": [
        11,
        0.6846976708899173
    ],
    "Industria de la minería extracción y metalurgia": [
        12,
        0.670920245398773
    ],
    "Música": [
        13,
        0.6621085134539039
    ],
    "Producción y explotación agrícola y ganadera": [
        14,
        0.6528257775970726
    ],
    "Ingeniería industrial": [
        15,
        0.6524650141772615
    ],
    "Administración en el ámbito de la ingeniería y la construcción": [
        16,
        0.6442354076218042
    ],
    "Economía": [
        17,
        0.5982973149967256
    ],
    "Administración pública": [
        18,
        0.5592920353982301
    ],
    "Finanzas banca y seguros": [
        19,
        0.5565181518151815
    ],
    "Arquitectura y urbanismo": [
        20,
        0.5542929648949668
    ],
    "Historia y arqueología": [
        21,
        0.5518890483022477
    ],
    "Química": [
        22,
        0.5429042904290429
    ],
    "Formación docente en la enseñanza de asignaturas específicas": [
        23,
        0.5042297244858363
    ],
    "Ingeniería de procesos químicos": [
        24,
        0.4840407177363699
    ],
    "Gastronomía y servicios de alimentos": [
        25,
        0.48169001596027666
    ],
    "Tecnología para la protección del medio ambiente": [
        26,
        0.4767281740567337
    ],
    "Comunicación y periodismo": [
        27,
        0.4649171489732815
    ],
    "Contabilidad y fiscalización": [
        28,
        0.4517705610655591
    ],
    "Planes multidisciplinarios o generales del campo de ciencias sociales y estudios del comportamiento": [
        29,
        0.447870778267254
    ],
    "Ecología y ciencias ambientales": [
        30,
        0.4404674945215486
    ],
    "Derecho": [
        31,
        0.43918833093403337
    ],
    "Biología": [
        32,
        0.4371792749544777
    ],
    "Negocios y comercio": [
        33,
        0.4341527546945154
    ],
    "Administración de empresas": [
        34,
        0.4282777794208985
    ],
    "Planes multidisciplinarios o generales del campo de administración y gestión": [
        35,
        0.4229525862068966
    ],
    "Ciencias políticas": [
        36,
        0.42060374817641116
    ],
    "Terapia y rehabilitación": [
        37,
        0.41167341430499327
    ],
    "Veterinaria": [
        38,
        0.4114475694132447
    ],
    "Diseño y comunicación gráfica y editorial": [
        39,
        0.4082381934315747
    ],
    "Bioquímica y biofísica": [
        40,
        0.40460407376160057
    ],
    "Sociología y antropología": [
        41,
        0.39810972798524663
    ],
    "Criminología y criminalística": [
        42,
        0.39669630441195064
    ],
    "Mercadotecnia y publicidad": [
        43,
        0.3909010805546538
    ],
    "Industria de la alimentación": [
        44,
        0.3893587033121917
    ],
    "Medicina general": [
        45,
        0.3720871327254306
    ],
    "Formación docente en educación básica nivel secundaria": [
        46,
        0.34309623430962344
    ],
    "Administración turística y de restaurantes": [
        47,
        0.33133375877472876
    ],
    "Literatura": [
        48,
        0.32934315531000613
    ],
    "Hospitalidad y turismo": [
        49,
        0.3145761741122566
    ],
    "Nutrición": [
        50,
        0.3062413314840499
    ],
    "Formación docente en educación básica nivel primaria": [
        51,
        0.30442665999749907
    ],
    "Estomatología y odontología general": [
        52,
        0.2830429842832797
    ],
    "Adquisición de idiomas extranjeros": [
        53,
        0.2795448668218257
    ],
    "Planeación evaluación e investigación educativa": [
        54,
        0.27238805970149255
    ],
    "Psicología": [
        55,
        0.26678439397940323
    ],
    "Diseño industrial de moda e interiores": [
        56,
        0.23588039867109634
    ],
    "Enfermería general y obstetricia": [
        57,
        0.23339684535150956
    ],
    "Ciencias de la educación": [
        58,
        0.21566183725398555
    ],
    "Planes multidisciplinarios o generales del campo de formación docente": [
        59,
        0.20469798657718122
    ],
    "Diseño curricular y pedagogía": [
        60,
        0.19594925914081654
    ],
    "Orientación e intervención educativa": [
        61,
        0.18903524385902457
    ],
    "Trabajo y atención social": [
        62,
        0.18307610431080362
    ],
    "Formación docente en otros servicios educativos": [
        63,
        0.10652797704447632
    ],
    "Formación docente en educación básica nivel preescolar": [
        64,
        0.03555327868852459
    ]
}