{"Formación docente en educación básica nivel preescolar": [1, 0.9640193067134708], "Formación docente en otros servicios educativos": [2, 0.9090909090909091], "Planes multidisciplinarios o generales del campo de formación docente": [3, 0.84], "Trabajo y atención social": [4, 0.8248730964467005], "Diseño industrial": [5, 0.8210544392924609], "Orientación e intervención educativa": [6, 0.8134691567628749], "Diseño curricular y pedagogía": [7, 0.8015333526488221], "Ciencias de la educación": [8, 0.7685999460480173], "Enfermería general y obstetricia": [9, 0.7626316279936632], "Psicología": [10, 0.7313732376699613], "Nutrición": [11, 0.7114971895758815], "Estomatología y odontología general": [12, 0.708758109360519], "Adquisición de idiomas extranjeros": [13, 0.7047850770478508], "Bellas artes": [14, 0.6908803789972365], "Formación docente en educación básica nivel primaria": [15, 0.6827191946809171], "Literatura": [16, 0.6677740863787376], "Administración turística y de restaurantes": [17, 0.6677223541831618], "Hospitalidad y turismo": [18, 0.6570266606416629], "Medicina general": [19, 0.6257124068391057], "Formación docente en educación básica nivel secundaria": [20, 0.6208135925502369], "Medicina de especialidad": [21, 0.6129032258064516], "Sociología y antropología": [22, 0.6111634479510127], "Criminología y criminalística": [23, 0.6039818647742953], "Bioquímica y biofísica": [24, 0.6030374120261761], "Industria de la alimentación": [25, 0.6029489204844655], "Terapia y rehabilitación": [26, 0.5921910293643111], "Mercadotecnia y publicidad": [27, 0.5914714879240287], "Diseño y comunicación gráfica y editorial": [28, 0.5814285057259808], "Veterinaria": [29, 0.5779232587743226], "Ciencias políticas": [30, 0.5756788665879575], "Planes multidisciplinarios o generales del campo de administración y gestión": [31, 0.5634541858932103], "Administración de empresas": [32, 0.5634520014169323], "Negocios y comercio": [33, 0.5616083323240887], "Ecología y ciencias ambientales": [34, 0.5613174491941135], "Tecnología para la protección del medio ambiente": [35, 0.554177897574124], "Biología": [36, 0.5532525510204082], "Derecho": [37, 0.5531099890410398], "Contabilidad y fiscalización": [38, 0.5474009945265267], "Planes multidisciplinarios o generales del campo de ciencias sociales y estudios del comportamiento": [39, 0.5427728613569321], "Ingeniería de procesos químicos": [40, 0.5214353763099396], "Comunicación y periodismo": [41, 0.5151031077548649], "Gastronomía y servicios de alimentos": [42, 0.5074758543833581], "Formación docente en la enseñanza de asignaturas específicas": [43, 0.4848397134380201], "Administración pública": [44, 0.4507288629737609], "Química": [45, 0.43583291394061396], "Finanzas banca y seguros": [46, 0.43526132404181184], "Arquitectura y urbanismo": [47, 0.4286699224360816], "Historia y arqueología": [48, 0.41963079693831606], "Economía": [49, 0.40464781983708675], "Música": [50, 0.3611234953187695], "Producción y explotación agrícola y ganadera": [51, 0.3471590597775464], "Administración en el ámbito de la ingeniería y la construcción": [52, 0.3333333333333333], "Ingeniería industrial": [53, 0.3332384847945936], "Industria de la minería extracción y metalurgia": [54, 0.32047477744807124], "Matemáticas": [55, 0.3161106590724166], " Informática": [56, 0.2995685081700502], "Deportes": [57, 0.28157941754511345], "Construcción e ingeniería civil": [58, 0.24218101300858014], "Mecánica y profesiones afines al trabajo metálico": [59, 0.23560163805872614], "Planes multidisciplinarios o generales del campo de innovación en tecnologías de la información y la comunicación": [60, 0.22583375656001353], "Desarrollo de software": [61, 0.22457195633125726], "Ciencias computacionales": [62, 0.20540019286403086], "Electricidad y generación de energía": [63, 0.19414109897729243], "Electrónica automatización y aplicaciones de la mecánica-eléctrica": [64, 0.13851280983128514], "Vehículos barcos y aeronaves motorizadas": [65, 0.10575752304748652]}